
{
    "region" : "us-west-1",
    "profile" : "default",
    "configuration" : "Release",
    "tag"           : "armut:latest",
    "cluster"       : "ArmutDemoCluster",
    "launch-type"   : "EC2",
    "task-definition-name" : "ArmutApiDemoTask",
    "task-definition-network-mode" : "bridge",
    "container-name"               : "ArmutApiDemo",
    "container-memory-hard-limit"  : 1024,
    "container-port-mapping"       : "80:80",
    "container-environment-variables" : "\"ASPNETCORE_ENVIRONMENT\"=\"Production\"",
    "skip-image-push"                 : false,
    "cluster-service"                 : "ArmutApiDemoService",
    "desired-count"                   : 1,
    "deployment-minimum-healthy-percent" : 50,
    "deployment-maximum-percent"         : 200,
    "placement-strategy"                 : "spread=attribute:ecs.availability-zone,spread=instanceId",
    "vstoolkit-deployment-mode"          : "PushOnly"
}