[
  {
    "key": "lgpl-3.0",
    "name": "GNU Lesser General Public License v3.0",
    "url": "https://api.github.com/licenses/lgpl-3.0",
    "featured": false
  },
  {
    "key": "unlicense",
    "name": "The Unlicense",
    "url": "https://api.github.com/licenses/unlicense",
    "featured": false
  },
  {
    "key": "gpl-3.0",
    "name": "GNU General Public License v3.0",
    "url": "https://api.github.com/licenses/gpl-3.0",
    "featured": true
  },
  {
    "key": "mit",
    "name": "MIT License",
    "url": "https://api.github.com/licenses/mit",
    "featured": true
  },
  {
    "key": "apache-2.0",
    "name": "Apache License 2.0",
    "url": "https://api.github.com/licenses/apache-2.0",
    "featured": true
  },
  {
    "key": "gpl-2.0",
    "name": "GNU General Public License v2.0",
    "url": "https://api.github.com/licenses/gpl-2.0",
    "featured": false
  },
  {
    "key": "artistic-2.0",
    "name": "Artistic License 2.0",
    "url": "https://api.github.com/licenses/artistic-2.0",
    "featured": false
  },
  {
    "key": "isc",
    "name": "ISC License",
    "url": "https://api.github.com/licenses/isc",
    "featured": false
  },
  {
    "key": "bsd-2-clause",
    "name": "BSD 2-clause \"Simplified\" License",
    "url": "https://api.github.com/licenses/bsd-2-clause",
    "featured": false
  },
  {
    "key": "bsd-3-clause",
    "name": "BSD 3-clause \"New\" or \"Revised\" License",
    "url": "https://api.github.com/licenses/bsd-3-clause",
    "featured": false
  },
  {
    "key": "epl-1.0",
    "name": "Eclipse Public License 1.0",
    "url": "https://api.github.com/licenses/epl-1.0",
    "featured": false
  },
  {
    "key": "lgpl-2.1",
    "name": "GNU Lesser General Public License v2.1",
    "url": "https://api.github.com/licenses/lgpl-2.1",
    "featured": false
  },
  {
    "key": "agpl-3.0",
    "name": "GNU Affero General Public License v3.0",
    "url": "https://api.github.com/licenses/agpl-3.0",
    "featured": false
  },
  {
    "key": "mpl-2.0",
    "name": "Mozilla Public License 2.0",
    "url": "https://api.github.com/licenses/mpl-2.0",
    "featured": false
  },
  {
    "key": "cc0-1.0",
    "name": "Creative Commons Zero v1.0 Universal",
    "url": "https://api.github.com/licenses/cc0-1.0",
    "featured": false
  }
]
